[{"model": "admin.logentry", "pk": 1, "fields": {"action_time": "2022-10-05T14:10:02.110Z", "user": 1, "content_type": 4, "object_id": "2", "object_repr": "rutushri", "action_flag": 1, "change_message": "[{\"added\": {}}]"}}, {"model": "admin.logentry", "pk": 2, "fields": {"action_time": "2022-10-05T14:10:20.227Z", "user": 1, "content_type": 4, "object_id": "2", "object_repr": "rutushri", "action_flag": 2, "change_message": "[{\"changed\": {\"fields\": [\"First name\", \"Last name\", \"User permissions\", \"Last login\"]}}]"}}, {"model": "admin.logentry", "pk": 3, "fields": {"action_time": "2022-10-05T14:10:23.687Z", "user": 1, "content_type": 4, "object_id": "2", "object_repr": "rutushri", "action_flag": 2, "change_message": "[]"}}, {"model": "admin.logentry", "pk": 4, "fields": {"action_time": "2022-10-05T14:10:35.890Z", "user": 1, "content_type": 4, "object_id": "3", "object_repr": "tempuser", "action_flag": 1, "change_message": "[{\"added\": {}}]"}}, {"model": "admin.logentry", "pk": 5, "fields": {"action_time": "2022-10-05T14:10:53.803Z", "user": 1, "content_type": 4, "object_id": "3", "object_repr": "tempuser", "action_flag": 2, "change_message": "[{\"changed\": {\"fields\": [\"First name\", \"Last name\", \"User permissions\", \"Last login\"]}}]"}}, {"model": "admin.logentry", "pk": 6, "fields": {"action_time": "2022-10-05T14:11:07.102Z", "user": 1, "content_type": 4, "object_id": "4", "object_repr": "anushri", "action_flag": 1, "change_message": "[{\"added\": {}}]"}}, {"model": "admin.logentry", "pk": 7, "fields": {"action_time": "2022-10-05T14:11:22.585Z", "user": 1, "content_type": 4, "object_id": "4", "object_repr": "anushri", "action_flag": 2, "change_message": "[{\"changed\": {\"fields\": [\"First name\", \"Last name\", \"User permissions\", \"Last login\"]}}]"}}, {"model": "auth.permission", "pk": 1, "fields": {"name": "Can add log entry", "content_type": 1, "codename": "add_logentry"}}, {"model": "auth.permission", "pk": 2, "fields": {"name": "Can change log entry", "content_type": 1, "codename": "change_logentry"}}, {"model": "auth.permission", "pk": 3, "fields": {"name": "Can delete log entry", "content_type": 1, "codename": "delete_logentry"}}, {"model": "auth.permission", "pk": 4, "fields": {"name": "Can view log entry", "content_type": 1, "codename": "view_logentry"}}, {"model": "auth.permission", "pk": 5, "fields": {"name": "Can add permission", "content_type": 2, "codename": "add_permission"}}, {"model": "auth.permission", "pk": 6, "fields": {"name": "Can change permission", "content_type": 2, "codename": "change_permission"}}, {"model": "auth.permission", "pk": 7, "fields": {"name": "Can delete permission", "content_type": 2, "codename": "delete_permission"}}, {"model": "auth.permission", "pk": 8, "fields": {"name": "Can view permission", "content_type": 2, "codename": "view_permission"}}, {"model": "auth.permission", "pk": 9, "fields": {"name": "Can add group", "content_type": 3, "codename": "add_group"}}, {"model": "auth.permission", "pk": 10, "fields": {"name": "Can change group", "content_type": 3, "codename": "change_group"}}, {"model": "auth.permission", "pk": 11, "fields": {"name": "Can delete group", "content_type": 3, "codename": "delete_group"}}, {"model": "auth.permission", "pk": 12, "fields": {"name": "Can view group", "content_type": 3, "codename": "view_group"}}, {"model": "auth.permission", "pk": 13, "fields": {"name": "Can add user", "content_type": 4, "codename": "add_user"}}, {"model": "auth.permission", "pk": 14, "fields": {"name": "Can change user", "content_type": 4, "codename": "change_user"}}, {"model": "auth.permission", "pk": 15, "fields": {"name": "Can delete user", "content_type": 4, "codename": "delete_user"}}, {"model": "auth.permission", "pk": 16, "fields": {"name": "Can view user", "content_type": 4, "codename": "view_user"}}, {"model": "auth.permission", "pk": 17, "fields": {"name": "Can add content type", "content_type": 5, "codename": "add_contenttype"}}, {"model": "auth.permission", "pk": 18, "fields": {"name": "Can change content type", "content_type": 5, "codename": "change_contenttype"}}, {"model": "auth.permission", "pk": 19, "fields": {"name": "Can delete content type", "content_type": 5, "codename": "delete_contenttype"}}, {"model": "auth.permission", "pk": 20, "fields": {"name": "Can view content type", "content_type": 5, "codename": "view_contenttype"}}, {"model": "auth.permission", "pk": 21, "fields": {"name": "Can add session", "content_type": 6, "codename": "add_session"}}, {"model": "auth.permission", "pk": 22, "fields": {"name": "Can change session", "content_type": 6, "codename": "change_session"}}, {"model": "auth.permission", "pk": 23, "fields": {"name": "Can delete session", "content_type": 6, "codename": "delete_session"}}, {"model": "auth.permission", "pk": 24, "fields": {"name": "Can view session", "content_type": 6, "codename": "view_session"}}, {"model": "auth.permission", "pk": 25, "fields": {"name": "Can add Token", "content_type": 7, "codename": "add_token"}}, {"model": "auth.permission", "pk": 26, "fields": {"name": "Can change Token", "content_type": 7, "codename": "change_token"}}, {"model": "auth.permission", "pk": 27, "fields": {"name": "Can delete Token", "content_type": 7, "codename": "delete_token"}}, {"model": "auth.permission", "pk": 28, "fields": {"name": "Can view Token", "content_type": 7, "codename": "view_token"}}, {"model": "auth.permission", "pk": 29, "fields": {"name": "Can add token", "content_type": 8, "codename": "add_tokenproxy"}}, {"model": "auth.permission", "pk": 30, "fields": {"name": "Can change token", "content_type": 8, "codename": "change_tokenproxy"}}, {"model": "auth.permission", "pk": 31, "fields": {"name": "Can delete token", "content_type": 8, "codename": "delete_tokenproxy"}}, {"model": "auth.permission", "pk": 32, "fields": {"name": "Can view token", "content_type": 8, "codename": "view_tokenproxy"}}, {"model": "auth.permission", "pk": 33, "fields": {"name": "Can add weather query", "content_type": 9, "codename": "add_weatherquery"}}, {"model": "auth.permission", "pk": 34, "fields": {"name": "Can change weather query", "content_type": 9, "codename": "change_weatherquery"}}, {"model": "auth.permission", "pk": 35, "fields": {"name": "Can delete weather query", "content_type": 9, "codename": "delete_weatherquery"}}, {"model": "auth.permission", "pk": 36, "fields": {"name": "Can view weather query", "content_type": 9, "codename": "view_weatherquery"}}, {"model": "auth.permission", "pk": 37, "fields": {"name": "Can add user login", "content_type": 10, "codename": "add_userlogin"}}, {"model": "auth.permission", "pk": 38, "fields": {"name": "Can change user login", "content_type": 10, "codename": "change_userlogin"}}, {"model": "auth.permission", "pk": 39, "fields": {"name": "Can delete user login", "content_type": 10, "codename": "delete_userlogin"}}, {"model": "auth.permission", "pk": 40, "fields": {"name": "Can view user login", "content_type": 10, "codename": "view_userlogin"}}, {"model": "auth.user", "pk": 1, "fields": {"password": "pbkdf2_sha256$390000$dctrxZNVeKcuePDXFavTPG$W3nEABni56Mr7miAFrd2/oQselwjy6fPJexjHP7gnDo=", "last_login": "2022-10-05T14:09:21.301Z", "is_superuser": true, "username": "admin", "first_name": "admin", "last_name": "", "email": "", "is_staff": true, "is_active": true, "date_joined": "2022-10-05T14:08:58.293Z", "groups": [], "user_permissions": []}}, {"model": "auth.user", "pk": 2, "fields": {"password": "pbkdf2_sha256$390000$twSR9gXpHb2Cjn6Zn3XbOq$QBmi87S11sYa285iqGptl++RvFkf+TAZkQ8ficLtHi0=", "last_login": "2022-10-05T14:10:16Z", "is_superuser": false, "username": "rutushri", "first_name": "rutushri", "last_name": "laddha", "email": "", "is_staff": false, "is_active": true, "date_joined": "2022-10-05T14:10:01Z", "groups": [], "user_permissions": [1, 2, 3, 4, 37, 38, 39, 40, 33, 34, 35, 36, 9, 10, 11, 12, 5, 6, 7, 8, 13, 14, 15, 16, 25, 26, 27, 28, 29, 30, 31, 32, 17, 18, 19, 20, 21, 22, 23, 24]}}, {"model": "auth.user", "pk": 3, "fields": {"password": "pbkdf2_sha256$390000$vTqOJKdYv7ZUgxrrQQJHpr$jaa5MUt9VQ2LvfuU/uiDiksSu1qbxNICZuECFIE/Iqk=", "last_login": "2022-10-05T14:10:49Z", "is_superuser": false, "username": "tempuser", "first_name": "temp", "last_name": "user", "email": "", "is_staff": false, "is_active": true, "date_joined": "2022-10-05T14:10:35Z", "groups": [], "user_permissions": [1, 2, 3, 4, 37, 38, 39, 40, 33, 34, 35, 36, 9, 10, 11, 12, 5, 6, 7, 8, 13, 14, 15, 16, 25, 26, 27, 28, 29, 30, 31, 32, 17, 18, 19, 20, 21, 22, 23, 24]}}, {"model": "auth.user", "pk": 4, "fields": {"password": "pbkdf2_sha256$390000$glXWYX8KDAm2ejiFTijhdw$w9eOsL7J0s3qUGI9BdnZO/QytqHAsMetUB6xRpnqbOA=", "last_login": "2022-10-05T14:11:20Z", "is_superuser": false, "username": "anushri", "first_name": "anushri", "last_name": "laddha", "email": "", "is_staff": false, "is_active": true, "date_joined": "2022-10-05T14:11:06Z", "groups": [], "user_permissions": [1, 2, 3, 4, 37, 38, 39, 40, 33, 34, 35, 36, 9, 10, 11, 12, 5, 6, 7, 8, 13, 14, 15, 16, 25, 26, 27, 28, 29, 30, 31, 32, 17, 18, 19, 20, 21, 22, 23, 24]}}, {"model": "contenttypes.contenttype", "pk": 1, "fields": {"app_label": "admin", "model": "logentry"}}, {"model": "contenttypes.contenttype", "pk": 2, "fields": {"app_label": "auth", "model": "permission"}}, {"model": "contenttypes.contenttype", "pk": 3, "fields": {"app_label": "auth", "model": "group"}}, {"model": "contenttypes.contenttype", "pk": 4, "fields": {"app_label": "auth", "model": "user"}}, {"model": "contenttypes.contenttype", "pk": 5, "fields": {"app_label": "contenttypes", "model": "contenttype"}}, {"model": "contenttypes.contenttype", "pk": 6, "fields": {"app_label": "sessions", "model": "session"}}, {"model": "contenttypes.contenttype", "pk": 7, "fields": {"app_label": "authtoken", "model": "token"}}, {"model": "contenttypes.contenttype", "pk": 8, "fields": {"app_label": "authtoken", "model": "tokenproxy"}}, {"model": "contenttypes.contenttype", "pk": 9, "fields": {"app_label": "app", "model": "weatherquery"}}, {"model": "contenttypes.contenttype", "pk": 10, "fields": {"app_label": "app", "model": "userlogin"}}, {"model": "sessions.session", "pk": "te6r6wrqrq6mc9hu2ol9mptb2lda8l1x", "fields": {"session_data": ".eJxVjEEOwiAQRe_C2hAoQyEu3XsGMgwzUjU0Ke3KeHdt0oVu_3vvv1TCba1p67ykqaizsur0u2WkB7cdlDu226xpbusyZb0r-qBdX-fCz8vh_h1U7PVbg8CYZShiAcFRluBFhIMvnnOMlozEGAzbSM4YNzBgAHQhkuURANT7AwIIOAk:1og55N:DjJHSx-cuv_4RO_jMc2fFE7MWvRq0x98dnBgoz6BIo0", "expire_date": "2022-10-19T14:09:21.304Z"}}]